STATION,STATION_NAME,DATE,PRCP,SNWD,SNOW,TAVG,TMAX,TMIN,AWND,WDF2,WDF5,WSF2,WSF5,WT09,WT01,WT06,WT05,WT02,WT04,WT08,WT03
GHCND:USW00094846,CHICAGO OHARE INTERNATIONAL AIRPORT IL US,20150101,0.00,0.0,0.0,20,32,14,14.5,240,250,23.9,30.0,-9999,-9999,-9999,-9999,-9999,-9999,-9999,-9999
GHCND:USW00094846,CHICAGO OHARE INTERNATIONAL AIRPORT IL US,20150102,0.00,0.0,0.0,26,34,15,4.7,150,150,12.1,13.0,-9999,-9999,-9999,-9999,-9999,-9999,-9999,-9999
GHCND:USW00094846,CHICAGO OHARE INTERNATIONAL AIRPORT IL US,20150103,0.57,0.0,0.4,31,34,29,5.6,140,140,13.0,14.1,-9999,1,1,-9999,-9999,1,-9999,-9999
GHCND:USW00094846,CHICAGO OHARE INTERNATIONAL AIRPORT IL US,20150104,0.13,1.2,2.2,29,33,2,15.9,320,320,25.9,31.1,1,1,-9999,-9999,-9999,-9999,1,-9999
GHCND:USW00094846,CHICAGO OHARE INTERNATIONAL AIRPORT IL US,20150105,0.15,2.0,1.8,2,6,-3,10.3,310,310,21.9,25.9,-9999,1,-9999,-9999,-9999,-9999,1,-9999
GHCND:USW00094846,CHICAGO OHARE INTERNATIONAL AIRPORT IL US,20150106,0.01,3.9,0.2,5,10,-5,13.9,270,280,23.9,30.0,1,1,-9999,-9999,-9999,-9999,1,-9999
GHCND:USW00094846,CHICAGO OHARE INTERNATIONAL AIRPORT IL US,20150107,0.00,3.1,0.0,3,6,-6,17.4,330,320,28.0,33.1,-9999,-9999,-9999,-9999,-9999,-9999,1,-9999
GHCND:USW00094846,CHICAGO OHARE INTERNATIONAL AIRPORT IL US,20150108,0.06,3.1,3.0,-2,18,-8,17.7,300,300,28.0,38.9,1,-9999,-9999,-9999,-9999,-9999,1,-9999
GHCND:USW00094846,CHICAGO OHARE INTERNATIONAL AIRPORT IL US,20150109,0.00,5.1,0.0,8,11,0,16.6,330,330,30.0,38.0,1,-9999,-9999,-9999,-9999,-9999,1,-9999
GHCND:USW00094846,CHICAGO OHARE INTERNATIONAL AIRPORT IL US,20150110,0.00,3.9,0.0,5,24,-2,11.6,180,190,21.9,27.1,-9999,-9999,-9999,-9999,-9999,-9999,-9999,-9999
GHCND:USW00094846,CHICAGO OHARE INTERNATIONAL AIRPORT IL US,20150111,0.19,3.9,2.6,26,32,22,8.3,180,180,18.1,21.0,-9999,1,-9999,-9999,-9999,-9999,-9999,-9999
GHCND:USW00094846,CHICAGO OHARE INTERNATIONAL AIRPORT IL US,20150112,0.00,5.9,0.4,23,28,15,12.8,10,10,21.0,25.1,-9999,1,-9999,-9999,-9999,-9999,1,-9999
GHCND:USW00094846,CHICAGO OHARE INTERNATIONAL AIRPORT IL US,20150113,0.00,5.9,0.2,17,19,3,7.6,50,50,19.9,23.0,-9999,-9999,-9999,-9999,-9999,-9999,-9999,-9999
GHCND:USW00094846,CHICAGO OHARE INTERNATIONAL AIRPORT IL US,20150114,0.00,5.9,0.0,11,19,1,6.5,220,220,14.1,18.1,-9999,1,-9999,-9999,-9999,-9999,-9999,-9999
GHCND:USW00094846,CHICAGO OHARE INTERNATIONAL AIRPORT IL US,20150115,0.00,5.1,0.0,22,34,17,10.1,240,230,21.0,27.1,-9999,-9999,-9999,-9999,-9999,-9999,-9999,-9999
GHCND:USW00094846,CHICAGO OHARE INTERNATIONAL AIRPORT IL US,20150116,0.00,3.9,0.0,28,34,23,8.3,140,140,15.0,18.1,-9999,-9999,-9999,-9999,-9999,-9999,-9999,-9999
GHCND:USW00094846,CHICAGO OHARE INTERNATIONAL AIRPORT IL US,20150117,0.00,3.9,0.0,34,42,26,15.4,210,220,28.0,36.9,-9999,1,-9999,-9999,-9999,-9999,-9999,-9999
GHCND:USW00094846,CHICAGO OHARE INTERNATIONAL AIRPORT IL US,20150118,0.00,0.0,0.0,37,40,27,10.5,300,240,19.9,23.9,-9999,-9999,-9999,-9999,-9999,-9999,-9999,-9999
GHCND:USW00094846,CHICAGO OHARE INTERNATIONAL AIRPORT IL US,20150119,0.00,0.0,0.0,32,41,25,5.4,100,100,12.1,13.0,-9999,-9999,-9999,-9999,-9999,-9999,-9999,-9999
GHCND:USW00094846,CHICAGO OHARE INTERNATIONAL AIRPORT IL US,20150120,0.00,0.0,0.0,34,36,29,7.4,40,50,17.0,23.0,-9999,1,1,-9999,-9999,-9999,-9999,-9999
GHCND:USW00094846,CHICAGO OHARE INTERNATIONAL AIRPORT IL US,20150121,0.01,0.0,0.1,31,33,29,7.6,20,40,14.1,17.0,-9999,1,1,-9999,-9999,-9999,-9999,-9999
GHCND:USW00094846,CHICAGO OHARE INTERNATIONAL AIRPORT IL US,20150122,0.00,0.0,0.0,30,31,28,6.9,260,230,15.0,19.0,-9999,-9999,-9999,-9999,-9999,-9999,-9999,-9999
GHCND:USW00094846,CHICAGO OHARE INTERNATIONAL AIRPORT IL US,20150123,0.00,0.0,0.0,30,31,29,11.4,220,260,17.0,23.9,-9999,-9999,-9999,-9999,-9999,-9999,-9999,-9999
GHCND:USW00094846,CHICAGO OHARE INTERNATIONAL AIRPORT IL US,20150124,0.00,0.0,0.0,33,43,29,8.1,260,260,18.1,23.9,-9999,-9999,-9999,-9999,-9999,-9999,-9999,-9999
GHCND:USW00094846,CHICAGO OHARE INTERNATIONAL AIRPORT IL US,20150125,0.08,0.0,0.6,31,34,24,14.5,40,50,25.9,35.1,-9999,1,-9999,-9999,-9999,1,-9999,-9999
GHCND:USW00094846,CHICAGO OHARE INTERNATIONAL AIRPORT IL US,20150126,0.07,0.0,1.0,23,26,15,5.6,60,60,13.0,16.1,-9999,1,1,-9999,-9999,-9999,-9999,-9999
GHCND:USW00094846,CHICAGO OHARE INTERNATIONAL AIRPORT IL US,20150127,0.00,1.2,0.0,27,32,20,6.0,40,40,13.0,15.0,-9999,1,1,-9999,-9999,-9999,-9999,-9999
GHCND:USW00094846,CHICAGO OHARE INTERNATIONAL AIRPORT IL US,20150128,0.01,1.2,0.0,26,34,19,11.0,170,160,19.9,25.1,-9999,-9999,-9999,-9999,-9999,-9999,-9999,-9999
GHCND:USW00094846,CHICAGO OHARE INTERNATIONAL AIRPORT IL US,20150129,0.01,1.2,0.1,33,35,28,13.9,320,330,25.9,35.1,-9999,1,-9999,-9999,-9999,-9999,1,-9999
GHCND:USW00094846,CHICAGO OHARE INTERNATIONAL AIRPORT IL US,20150130,0.00,1.2,0.0,27,30,18,7.4,350,10,19.9,27.1,-9999,-9999,-9999,-9999,-9999,-9999,-9999,-9999
GHCND:USW00094846,CHICAGO OHARE INTERNATIONAL AIRPORT IL US,20150131,0.12,0.0,1.3,27,36,19,6.9,250,250,16.1,19.0,-9999,1,-9999,-9999,-9999,-9999,-9999,-9999
GHCND:USW00094846,CHICAGO OHARE INTERNATIONAL AIRPORT IL US,20150201,0.87,3.9,16.2,29,31,19,18.3,40,40,30.0,38.9,1,1,-9999,-9999,1,-9999,-9999,-9999
GHCND:USW00094846,CHICAGO OHARE INTERNATIONAL AIRPORT IL US,20150202,0.05,18.1,1.8,15,19,6,12.8,350,350,23.9,31.1,1,1,-9999,-9999,-9999,-9999,-9999,-9999
GHCND:USW00094846,CHICAGO OHARE INTERNATIONAL AIRPORT IL US,20150203,0.09,16.9,1.6,13,26,2,5.4,220,210,15.0,18.1,-9999,1,-9999,-9999,1,-9999,-9999,-9999
GHCND:USW00094846,CHICAGO OHARE INTERNATIONAL AIRPORT IL US,20150204,0.02,16.1,0.3,21,25,4,10.5,340,340,19.9,23.9,-9999,1,-9999,-9999,-9999,-9999,-9999,-9999
GHCND:USW00094846,CHICAGO OHARE INTERNATIONAL AIRPORT IL US,20150205,0.00,15.0,0.0,7,15,-2,8.9,240,240,19.9,25.1,-9999,-9999,-9999,-9999,-9999,-9999,-9999,-9999
GHCND:USW00094846,CHICAGO OHARE INTERNATIONAL AIRPORT IL US,20150206,0.00,14.2,0.0,17,31,13,8.5,250,230,18.1,25.9,-9999,-9999,-9999,-9999,-9999,-9999,-9999,-9999
GHCND:USW00094846,CHICAGO OHARE INTERNATIONAL AIRPORT IL US,20150207,0.00,14.2,0.0,29,41,18,7.6,200,230,16.1,21.0,-9999,1,-9999,-9999,-9999,-9999,-9999,-9999
GHCND:USW00094846,CHICAGO OHARE INTERNATIONAL AIRPORT IL US,20150208,0.01,9.1,0.0,36,39,25,9.8,10,10,23.0,29.1,-9999,1,1,-9999,-9999,-9999,1,-9999
GHCND:USW00094846,CHICAGO OHARE INTERNATIONAL AIRPORT IL US,20150209,0.00,5.9,0.0,26,27,19,12.3,10,10,21.0,25.1,-9999,1,1,-9999,-9999,-9999,-9999,-9999
GHCND:USW00094846,CHICAGO OHARE INTERNATIONAL AIRPORT IL US,20150210,0.00,5.9,0.0,25,33,14,7.8,160,150,19.9,23.9,-9999,-9999,-9999,-9999,-9999,-9999,-9999,-9999
GHCND:USW00094846,CHICAGO OHARE INTERNATIONAL AIRPORT IL US,20150211,0.00,5.9,0.0,31,35,18,13.4,310,290,23.0,29.1,-9999,1,-9999,-9999,-9999,-9999,1,-9999
GHCND:USW00094846,CHICAGO OHARE INTERNATIONAL AIRPORT IL US,20150212,0.00,5.9,0.0,16,18,8,13.0,340,350,28.0,34.0,-9999,-9999,-9999,-9999,-9999,-9999,1,-9999
GHCND:USW00094846,CHICAGO OHARE INTERNATIONAL AIRPORT IL US,20150213,0.00,5.1,0.0,11,26,5,10.5,220,220,21.0,25.9,-9999,-9999,-9999,-9999,-9999,-9999,-9999,-9999
GHCND:USW00094846,CHICAGO OHARE INTERNATIONAL AIRPORT IL US,20150214,0.00,5.1,0.2,19,27,1,19.5,330,340,38.0,48.1,1,-9999,-9999,-9999,-9999,-9999,1,-9999
GHCND:USW00094846,CHICAGO OHARE INTERNATIONAL AIRPORT IL US,20150215,0.03,5.1,0.2,4,15,-3,9.2,330,340,21.0,25.1,-9999,-9999,-9999,-9999,-9999,-9999,-9999,-9999
GHCND:USW00094846,CHICAGO OHARE INTERNATIONAL AIRPORT IL US,20150216,0.00,5.1,0.0,12,18,5,4.9,280,280,12.1,14.1,-9999,-9999,-9999,-9999,-9999,-9999,-9999,-9999
GHCND:USW00094846,CHICAGO OHARE INTERNATIONAL AIRPORT IL US,20150217,0.00,5.1,0.1,17,19,8,12.3,290,290,19.9,23.9,-9999,-9999,-9999,-9999,-9999,-9999,1,-9999
GHCND:USW00094846,CHICAGO OHARE INTERNATIONAL AIRPORT IL US,20150218,0.00,5.1,0.0,7,8,-3,15.2,290,290,25.9,32.0,-9999,-9999,-9999,-9999,-9999,-9999,1,-9999
GHCND:USW00094846,CHICAGO OHARE INTERNATIONAL AIRPORT IL US,20150219,0.00,5.1,0.0,-2,4,-8,11.4,330,310,23.0,27.1,-9999,-9999,-9999,-9999,-9999,-9999,-9999,-9999
GHCND:USW00094846,CHICAGO OHARE INTERNATIONAL AIRPORT IL US,20150220,0.01,5.1,0.2,3,18,-7,13.2,170,180,23.9,29.1,-9999,-9999,-9999,-9999,-9999,-9999,-9999,-9999
GHCND:USW00094846,CHICAGO OHARE INTERNATIONAL AIRPORT IL US,20150221,0.00,5.1,0.0,22,32,17,4.3,200,210,12.1,15.0,-9999,-9999,-9999,-9999,-9999,-9999,1,-9999
GHCND:USW00094846,CHICAGO OHARE INTERNATIONAL AIRPORT IL US,20150222,0.00,5.1,0.0,21,28,2,13.2,330,330,21.9,23.9,-9999,-9999,-9999,-9999,-9999,-9999,-9999,-9999
GHCND:USW00094846,CHICAGO OHARE INTERNATIONAL AIRPORT IL US,20150223,0.00,5.1,0.0,4,12,-4,9.8,350,340,21.0,25.1,-9999,-9999,-9999,-9999,-9999,-9999,-9999,-9999
GHCND:USW00094846,CHICAGO OHARE INTERNATIONAL AIRPORT IL US,20150224,0.01,5.1,0.1,11,29,4,15.9,240,240,25.9,35.1,-9999,-9999,-9999,-9999,-9999,-9999,-9999,-9999
GHCND:USW00094846,CHICAGO OHARE INTERNATIONAL AIRPORT IL US,20150225,0.17,5.1,2.0,21,26,10,7.8,20,330,15.0,19.9,-9999,1,-9999,-9999,-9999,-9999,-9999,-9999
GHCND:USW00094846,CHICAGO OHARE INTERNATIONAL AIRPORT IL US,20150226,0.17,9.8,3.7,17,19,0,12.5,40,20,19.9,23.0,1,1,-9999,-9999,-9999,-9999,-9999,-9999
GHCND:USW00094846,CHICAGO OHARE INTERNATIONAL AIRPORT IL US,20150227,0.00,9.8,0.0,6,14,-2,8.3,260,240,14.1,17.0,-9999,-9999,-9999,-9999,-9999,-9999,-9999,-9999
GHCND:USW00094846,CHICAGO OHARE INTERNATIONAL AIRPORT IL US,20150228,0.02,9.1,0.4,6,21,-10,5.4,180,180,13.0,15.0,-9999,1,-9999,-9999,-9999,-9999,-9999,-9999
GHCND:USW00094846,CHICAGO OHARE INTERNATIONAL AIRPORT IL US,20150301,0.00,9.1,0.0,18,25,10,6.9,250,290,17.0,23.0,-9999,1,-9999,-9999,-9999,-9999,1,-9999
GHCND:USW00094846,CHICAGO OHARE INTERNATIONAL AIRPORT IL US,20150302,0.00,7.9,0.0,21,33,13,7.4,190,280,15.0,18.1,-9999,-9999,-9999,-9999,-9999,-9999,-9999,-9999
GHCND:USW00094846,CHICAGO OHARE INTERNATIONAL AIRPORT IL US,20150303,0.13,9.1,0.7,28,34,24,13.4,190,280,23.0,29.1,-9999,1,1,-9999,-9999,1,1,-9999
GHCND:USW00094846,CHICAGO OHARE INTERNATIONAL AIRPORT IL US,20150304,0.00,7.9,0.0,24,31,10,13.4,330,300,23.0,31.1,-9999,-9999,-9999,-9999,-9999,-9999,-9999,-9999
GHCND:USW00094846,CHICAGO OHARE INTERNATIONAL AIRPORT IL US,20150305,0.00,7.1,0.0,12,16,3,9.6,280,310,16.1,23.0,-9999,-9999,-9999,-9999,-9999,-9999,-9999,-9999
GHCND:USW00094846,CHICAGO OHARE INTERNATIONAL AIRPORT IL US,20150306,0.00,7.1,0.0,12,27,0,13.2,180,200,23.9,30.0,-9999,-9999,-9999,-9999,-9999,-9999,-9999,-9999
GHCND:USW00094846,CHICAGO OHARE INTERNATIONAL AIRPORT IL US,20150307,0.00,7.1,0.0,32,44,24,10.5,280,280,19.9,23.9,-9999,-9999,-9999,-9999,-9999,-9999,1,-9999
GHCND:USW00094846,CHICAGO OHARE INTERNATIONAL AIRPORT IL US,20150308,0.00,3.9,0.0,35,40,28,6.7,250,250,16.1,19.9,-9999,-9999,-9999,-9999,-9999,-9999,-9999,-9999
GHCND:USW00094846,CHICAGO OHARE INTERNATIONAL AIRPORT IL US,20150309,0.00,3.9,0.0,37,50,25,6.3,180,200,14.1,17.0,-9999,1,-9999,-9999,-9999,-9999,1,-9999
GHCND:USW00094846,CHICAGO OHARE INTERNATIONAL AIRPORT IL US,20150310,0.00,0.0,0.0,40,51,35,6.7,220,200,14.1,18.1,-9999,1,-9999,-9999,1,-9999,1,-9999
GHCND:USW00094846,CHICAGO OHARE INTERNATIONAL AIRPORT IL US,20150311,0.00,0.0,0.0,42,51,30,6.3,60,60,16.1,19.0,-9999,1,-9999,-9999,-9999,-9999,1,-9999
GHCND:USW00094846,CHICAGO OHARE INTERNATIONAL AIRPORT IL US,20150312,0.00,0.0,0.0,42,56,28,8.5,170,170,18.1,21.9,-9999,-9999,-9999,-9999,-9999,-9999,-9999,-9999
GHCND:USW00094846,CHICAGO OHARE INTERNATIONAL AIRPORT IL US,20150313,0.00,0.0,0.0,47,65,37,5.8,190,190,13.0,16.1,-9999,-9999,-9999,-9999,-9999,-9999,-9999,-9999
GHCND:USW00094846,CHICAGO OHARE INTERNATIONAL AIRPORT IL US,20150314,0.00,0.0,0.0,51,60,37,12.3,320,310,25.9,31.1,-9999,1,-9999,-9999,-9999,-9999,1,-9999
GHCND:USW00094846,CHICAGO OHARE INTERNATIONAL AIRPORT IL US,20150315,0.00,0.0,0.0,45,62,29,10.3,250,220,23.9,30.0,-9999,-9999,-9999,-9999,-9999,-9999,-9999,-9999
GHCND:USW00094846,CHICAGO OHARE INTERNATIONAL AIRPORT IL US,20150316,0.00,0.0,0.0,58,73,42,12.8,20,10,30.0,38.9,-9999,-9999,-9999,-9999,-9999,-9999,-9999,-9999
GHCND:USW00094846,CHICAGO OHARE INTERNATIONAL AIRPORT IL US,20150317,0.00,0.0,0.0,45,45,28,14.1,20,20,30.0,40.0,-9999,-9999,-9999,-9999,-9999,-9999,-9999,-9999
GHCND:USW00094846,CHICAGO OHARE INTERNATIONAL AIRPORT IL US,20150318,0.00,0.0,0.0,37,50,28,4.7,100,100,14.1,17.0,-9999,-9999,-9999,-9999,-9999,-9999,-9999,-9999
GHCND:USW00094846,CHICAGO OHARE INTERNATIONAL AIRPORT IL US,20150319,0.00,0.0,0.0,42,46,37,7.8,130,130,21.9,25.9,-9999,-9999,-9999,-9999,-9999,-9999,-9999,-9999
GHCND:USW00094846,CHICAGO OHARE INTERNATIONAL AIRPORT IL US,20150320,0.00,0.0,0.0,42,50,38,8.9,220,210,18.1,23.0,-9999,1,-9999,-9999,-9999,-9999,1,-9999
GHCND:USW00094846,CHICAGO OHARE INTERNATIONAL AIRPORT IL US,20150321,0.00,0.0,0.0,42,49,32,10.3,360,360,21.0,29.1,-9999,1,-9999,-9999,-9999,-9999,1,-9999
GHCND:USW00094846,CHICAGO OHARE INTERNATIONAL AIRPORT IL US,20150322,0.02,0.0,0.2,32,35,26,11.0,40,60,18.1,23.9,-9999,1,-9999,-9999,-9999,-9999,1,-9999
GHCND:USW00094846,CHICAGO OHARE INTERNATIONAL AIRPORT IL US,20150323,0.61,2.0,5.6,29,31,28,10.7,100,60,17.0,27.1,-9999,1,-9999,-9999,1,-9999,1,-9999
GHCND:USW00094846,CHICAGO OHARE INTERNATIONAL AIRPORT IL US,20150324,0.04,5.1,0.0,30,37,19,11.4,100,130,21.9,23.9,-9999,-9999,-9999,-9999,-9999,-9999,-9999,-9999
GHCND:USW00094846,CHICAGO OHARE INTERNATIONAL AIRPORT IL US,20150325,0.25,2.0,0.0,37,41,35,11.2,270,260,21.9,28.0,-9999,1,-9999,-9999,-9999,-9999,1,-9999
GHCND:USW00094846,CHICAGO OHARE INTERNATIONAL AIRPORT IL US,20150326,0.00,0.0,0.0,37,42,31,11.2,320,290,17.0,25.1,-9999,-9999,-9999,-9999,-9999,-9999,-9999,-9999
GHCND:USW00094846,CHICAGO OHARE INTERNATIONAL AIRPORT IL US,20150327,0.04,1.2,0.6,29,31,21,11.9,20,350,23.0,29.1,-9999,1,-9999,-9999,-9999,-9999,-9999,-9999
GHCND:USW00094846,CHICAGO OHARE INTERNATIONAL AIRPORT IL US,20150328,0.00,0.0,0.0,27,36,20,7.2,40,120,15.0,19.0,-9999,-9999,-9999,-9999,-9999,-9999,-9999,-9999
GHCND:USW00094846,CHICAGO OHARE INTERNATIONAL AIRPORT IL US,20150329,0.01,0.0,0.0,32,47,24,15.2,190,180,30.0,36.9,-9999,-9999,-9999,-9999,-9999,-9999,-9999,-9999
GHCND:USW00094846,CHICAGO OHARE INTERNATIONAL AIRPORT IL US,20150330,0.00,0.0,0.0,46,61,34,10.7,280,220,21.9,30.0,-9999,-9999,-9999,-9999,-9999,-9999,-9999,-9999
GHCND:USW00094846,CHICAGO OHARE INTERNATIONAL AIRPORT IL US,20150331,0.00,0.0,0.0,49,58,39,8.5,250,250,23.0,29.1,-9999,1,-9999,-9999,-9999,-9999,-9999,-9999
GHCND:USW00094846,CHICAGO OHARE INTERNATIONAL AIRPORT IL US,20150401,0.00,0.0,0.0,52,72,35,11.4,180,180,28.0,34.0,-9999,1,-9999,-9999,-9999,-9999,1,-9999
GHCND:USW00094846,CHICAGO OHARE INTERNATIONAL AIRPORT IL US,20150402,0.36,0.0,0.0,58,65,50,11.2,190,190,23.0,28.0,-9999,1,-9999,-9999,-9999,-9999,-9999,-9999
GHCND:USW00094846,CHICAGO OHARE INTERNATIONAL AIRPORT IL US,20150403,0.00,0.0,0.0,50,53,30,10.5,20,20,21.9,25.9,-9999,-9999,-9999,-9999,-9999,-9999,-9999,-9999
GHCND:USW00094846,CHICAGO OHARE INTERNATIONAL AIRPORT IL US,20150404,0.00,0.0,0.0,40,58,28,11.4,250,250,29.1,36.9,-9999,-9999,-9999,-9999,-9999,-9999,-9999,-9999
GHCND:USW00094846,CHICAGO OHARE INTERNATIONAL AIRPORT IL US,20150405,0.00,0.0,0.0,53,66,36,9.8,240,240,21.0,29.1,-9999,-9999,-9999,-9999,-9999,-9999,-9999,-9999
GHCND:USW00094846,CHICAGO OHARE INTERNATIONAL AIRPORT IL US,20150406,0.04,0.0,0.0,45,62,34,6.7,50,20,17.0,21.9,-9999,1,-9999,-9999,-9999,-9999,-9999,-9999
GHCND:USW00094846,CHICAGO OHARE INTERNATIONAL AIRPORT IL US,20150407,0.00,0.0,0.0,40,46,38,13.9,100,100,21.0,28.0,-9999,1,-9999,-9999,-9999,-9999,1,-9999
GHCND:USW00094846,CHICAGO OHARE INTERNATIONAL AIRPORT IL US,20150408,0.05,0.0,0.0,44,50,40,8.9,50,50,17.0,25.1,-9999,1,-9999,-9999,1,-9999,1,-9999
GHCND:USW00094846,CHICAGO OHARE INTERNATIONAL AIRPORT IL US,20150409,1.41,0.0,0.0,51,71,41,13.9,240,260,33.1,46.1,-9999,1,-9999,-9999,1,-9999,1,1
GHCND:USW00094846,CHICAGO OHARE INTERNATIONAL AIRPORT IL US,20150410,0.00,0.0,0.0,53,62,39,17.2,290,250,35.1,46.1,-9999,1,-9999,-9999,-9999,-9999,-9999,-9999
GHCND:USW00094846,CHICAGO OHARE INTERNATIONAL AIRPORT IL US,20150411,0.00,0.0,0.0,48,62,38,7.6,240,250,16.1,23.0,-9999,-9999,-9999,-9999,-9999,-9999,-9999,-9999
GHCND:USW00094846,CHICAGO OHARE INTERNATIONAL AIRPORT IL US,20150412,0.00,0.0,0.0,55,68,41,10.7,180,190,23.0,28.0,-9999,-9999,-9999,-9999,-9999,-9999,-9999,-9999
GHCND:USW00094846,CHICAGO OHARE INTERNATIONAL AIRPORT IL US,20150413,0.22,0.0,0.0,60,65,49,12.5,300,330,25.1,34.0,-9999,1,-9999,-9999,-9999,-9999,-9999,1
GHCND:USW00094846,CHICAGO OHARE INTERNATIONAL AIRPORT IL US,20150414,0.00,0.0,0.0,56,66,39,4.9,80,120,12.1,16.1,-9999,-9999,-9999,-9999,-9999,-9999,-9999,-9999
GHCND:USW00094846,CHICAGO OHARE INTERNATIONAL AIRPORT IL US,20150415,0.00,0.0,0.0,54,64,43,10.7,60,70,18.1,23.9,-9999,-9999,-9999,-9999,-9999,-9999,-9999,-9999
GHCND:USW00094846,CHICAGO OHARE INTERNATIONAL AIRPORT IL US,20150416,0.00,0.0,0.0,53,66,45,6.5,100,70,16.1,23.0,-9999,1,-9999,-9999,-9999,-9999,-9999,-9999
GHCND:USW00094846,CHICAGO OHARE INTERNATIONAL AIRPORT IL US,20150417,0.00,0.0,0.0,60,78,45,5.1,270,250,14.1,17.0,-9999,1,-9999,-9999,-9999,-9999,1,-9999
GHCND:USW00094846,CHICAGO OHARE INTERNATIONAL AIRPORT IL US,20150418,0.00,0.0,0.0,60,65,47,10.3,20,20,25.9,33.1,-9999,-9999,-9999,-9999,-9999,-9999,-9999,-9999
GHCND:USW00094846,CHICAGO OHARE INTERNATIONAL AIRPORT IL US,20150419,0.46,0.0,0.0,56,68,48,9.6,60,80,16.1,23.0,-9999,1,-9999,-9999,-9999,-9999,-9999,-9999
GHCND:USW00094846,CHICAGO OHARE INTERNATIONAL AIRPORT IL US,20150420,0.01,0.0,0.0,49,52,41,16.1,270,270,29.1,36.9,-9999,1,-9999,-9999,-9999,-9999,-9999,-9999
GHCND:USW00094846,CHICAGO OHARE INTERNATIONAL AIRPORT IL US,20150421,0.00,0.0,0.0,44,54,38,19.9,270,280,38.0,52.1,-9999,-9999,-9999,-9999,-9999,-9999,-9999,-9999
GHCND:USW00094846,CHICAGO OHARE INTERNATIONAL AIRPORT IL US,20150422,0.00,0.0,0.0,40,46,34,13.4,310,310,25.9,32.0,-9999,-9999,-9999,-9999,-9999,-9999,-9999,-9999
GHCND:USW00094846,CHICAGO OHARE INTERNATIONAL AIRPORT IL US,20150423,0.00,0.0,0.0,42,55,32,8.7,310,300,21.9,27.1,-9999,-9999,-9999,-9999,-9999,-9999,-9999,-9999
GHCND:USW00094846,CHICAGO OHARE INTERNATIONAL AIRPORT IL US,20150424,0.16,0.0,0.0,44,57,29,6.7,110,40,19.9,25.9,-9999,-9999,-9999,-9999,-9999,-9999,-9999,-9999
GHCND:USW00094846,CHICAGO OHARE INTERNATIONAL AIRPORT IL US,20150425,0.16,0.0,0.0,44,48,39,13.0,60,70,21.9,28.0,-9999,1,-9999,-9999,-9999,-9999,1,-9999
GHCND:USW00094846,CHICAGO OHARE INTERNATIONAL AIRPORT IL US,20150426,0.00,0.0,0.0,45,56,35,11.0,20,20,23.0,30.0,-9999,-9999,-9999,-9999,-9999,-9999,-9999,-9999
GHCND:USW00094846,CHICAGO OHARE INTERNATIONAL AIRPORT IL US,20150427,0.00,0.0,0.0,46,55,38,10.1,40,30,19.9,25.1,-9999,-9999,-9999,-9999,-9999,-9999,-9999,-9999
GHCND:USW00094846,CHICAGO OHARE INTERNATIONAL AIRPORT IL US,20150428,0.00,0.0,0.0,46,58,35,4.9,70,50,16.1,19.9,-9999,-9999,-9999,-9999,-9999,-9999,-9999,-9999
GHCND:USW00094846,CHICAGO OHARE INTERNATIONAL AIRPORT IL US,20150429,0.00,0.0,0.0,50,61,38,7.2,60,60,17.0,21.9,-9999,-9999,-9999,-9999,-9999,-9999,-9999,-9999
GHCND:USW00094846,CHICAGO OHARE INTERNATIONAL AIRPORT IL US,20150430,0.00,0.0,0.0,46,51,38,11.4,20,30,21.0,27.1,-9999,-9999,-9999,-9999,-9999,-9999,-9999,-9999
GHCND:USW00094846,CHICAGO OHARE INTERNATIONAL AIRPORT IL US,20150501,0.00,0.0,0.0,50,67,38,5.8,100,100,14.1,16.1,-9999,-9999,-9999,-9999,-9999,-9999,-9999,-9999
GHCND:USW00094846,CHICAGO OHARE INTERNATIONAL AIRPORT IL US,20150502,0.00,0.0,0.0,62,76,50,6.7,220,210,16.1,21.9,-9999,-9999,-9999,-9999,-9999,-9999,1,-9999
GHCND:USW00094846,CHICAGO OHARE INTERNATIONAL AIRPORT IL US,20150503,0.42,0.0,0.0,67,78,55,9.8,310,200,21.9,28.0,-9999,1,-9999,-9999,-9999,-9999,-9999,1
GHCND:USW00094846,CHICAGO OHARE INTERNATIONAL AIRPORT IL US,20150504,0.00,0.0,0.0,65,74,55,8.5,250,240,18.1,25.9,-9999,-9999,-9999,-9999,-9999,-9999,-9999,-9999
GHCND:USW00094846,CHICAGO OHARE INTERNATIONAL AIRPORT IL US,20150505,0.95,0.0,0.0,52,56,47,9.2,80,60,15.0,19.0,-9999,1,-9999,-9999,1,-9999,-9999,1
GHCND:USW00094846,CHICAGO OHARE INTERNATIONAL AIRPORT IL US,20150506,0.00,0.0,0.0,56,77,46,5.8,50,50,13.0,15.0,-9999,1,-9999,-9999,1,-9999,1,-9999
GHCND:USW00094846,CHICAGO OHARE INTERNATIONAL AIRPORT IL US,20150507,0.04,0.0,0.0,67,83,52,11.4,200,190,29.1,36.9,-9999,1,-9999,-9999,-9999,-9999,1,-9999
GHCND:USW00094846,CHICAGO OHARE INTERNATIONAL AIRPORT IL US,20150508,0.75,0.0,0.0,71,81,63,8.5,200,190,31.1,42.1,-9999,1,-9999,-9999,-9999,-9999,-9999,1
GHCND:USW00094846,CHICAGO OHARE INTERNATIONAL AIRPORT IL US,20150509,0.29,0.0,0.0,60,64,47,8.9,40,30,17.0,23.0,-9999,1,-9999,-9999,1,-9999,-9999,-9999
GHCND:USW00094846,CHICAGO OHARE INTERNATIONAL AIRPORT IL US,20150510,0.14,0.0,0.0,49,54,45,9.4,20,30,17.0,21.9,-9999,1,-9999,-9999,-9999,-9999,-9999,-9999
GHCND:USW00094846,CHICAGO OHARE INTERNATIONAL AIRPORT IL US,20150511,0.22,0.0,0.0,56,68,47,13.2,280,270,28.0,36.9,-9999,1,-9999,-9999,1,-9999,-9999,-9999
GHCND:USW00094846,CHICAGO OHARE INTERNATIONAL AIRPORT IL US,20150512,0.00,0.0,0.0,52,56,44,16.8,270,270,28.0,38.0,-9999,-9999,-9999,-9999,-9999,-9999,-9999,-9999
GHCND:USW00094846,CHICAGO OHARE INTERNATIONAL AIRPORT IL US,20150513,0.00,0.0,0.0,48,52,40,9.6,50,60,16.1,21.9,-9999,-9999,-9999,-9999,-9999,-9999,-9999,-9999
GHCND:USW00094846,CHICAGO OHARE INTERNATIONAL AIRPORT IL US,20150514,0.24,0.0,0.0,52,66,43,10.5,140,170,21.0,25.1,-9999,1,-9999,-9999,-9999,-9999,-9999,-9999
GHCND:USW00094846,CHICAGO OHARE INTERNATIONAL AIRPORT IL US,20150515,0.00,0.0,0.0,63,76,57,7.8,260,170,17.0,23.0,-9999,-9999,-9999,-9999,-9999,-9999,-9999,-9999
GHCND:USW00094846,CHICAGO OHARE INTERNATIONAL AIRPORT IL US,20150516,0.03,0.0,0.0,69,79,62,7.8,170,150,16.1,19.9,-9999,1,-9999,-9999,-9999,-9999,-9999,-9999
GHCND:USW00094846,CHICAGO OHARE INTERNATIONAL AIRPORT IL US,20150517,0.00,0.0,0.0,72,82,66,15.9,190,160,28.0,36.0,-9999,1,-9999,-9999,-9999,-9999,1,-9999
GHCND:USW00094846,CHICAGO OHARE INTERNATIONAL AIRPORT IL US,20150518,0.00,0.0,0.0,72,77,49,15.4,270,240,25.9,35.1,-9999,-9999,-9999,-9999,-9999,-9999,-9999,-9999
GHCND:USW00094846,CHICAGO OHARE INTERNATIONAL AIRPORT IL US,20150519,0.00,0.0,0.0,50,53,40,10.5,310,310,18.1,23.9,-9999,-9999,-9999,-9999,-9999,-9999,-9999,-9999
GHCND:USW00094846,CHICAGO OHARE INTERNATIONAL AIRPORT IL US,20150520,0.04,0.0,0.0,44,48,39,8.3,20,20,17.0,19.9,-9999,-9999,-9999,-9999,-9999,-9999,-9999,-9999
GHCND:USW00094846,CHICAGO OHARE INTERNATIONAL AIRPORT IL US,20150521,0.00,0.0,0.0,52,69,45,9.8,290,320,18.1,25.1,-9999,-9999,-9999,-9999,-9999,-9999,-9999,-9999
GHCND:USW00094846,CHICAGO OHARE INTERNATIONAL AIRPORT IL US,20150522,0.00,0.0,0.0,59,66,47,8.5,350,340,16.1,21.0,-9999,-9999,-9999,-9999,-9999,-9999,-9999,-9999
GHCND:USW00094846,CHICAGO OHARE INTERNATIONAL AIRPORT IL US,20150523,0.00,0.0,0.0,62,80,46,7.6,190,180,19.9,23.0,-9999,-9999,-9999,-9999,-9999,-9999,-9999,-9999
GHCND:USW00094846,CHICAGO OHARE INTERNATIONAL AIRPORT IL US,20150524,0.36,0.0,0.0,66,72,59,7.4,90,170,15.0,21.9,-9999,1,-9999,-9999,-9999,-9999,-9999,-9999
GHCND:USW00094846,CHICAGO OHARE INTERNATIONAL AIRPORT IL US,20150525,0.07,0.0,0.0,70,78,65,15.2,200,220,25.9,36.0,-9999,1,-9999,-9999,-9999,-9999,-9999,-9999
GHCND:USW00094846,CHICAGO OHARE INTERNATIONAL AIRPORT IL US,20150526,0.50,0.0,0.0,71,74,64,12.8,200,200,31.1,42.9,-9999,1,-9999,-9999,-9999,-9999,1,-9999
GHCND:USW00094846,CHICAGO OHARE INTERNATIONAL AIRPORT IL US,20150527,0.00,0.0,0.0,68,74,59,10.7,280,290,23.0,28.0,-9999,-9999,-9999,-9999,-9999,-9999,-9999,-9999
GHCND:USW00094846,CHICAGO OHARE INTERNATIONAL AIRPORT IL US,20150528,0.00,0.0,0.0,69,82,54,6.0,90,90,16.1,23.0,-9999,-9999,-9999,-9999,-9999,-9999,-9999,-9999
GHCND:USW00094846,CHICAGO OHARE INTERNATIONAL AIRPORT IL US,20150529,0.20,0.0,0.0,72,81,63,9.8,220,220,25.1,38.9,-9999,1,-9999,-9999,-9999,-9999,-9999,-9999
GHCND:USW00094846,CHICAGO OHARE INTERNATIONAL AIRPORT IL US,20150530,0.41,0.0,0.0,64,71,44,14.3,20,20,29.1,38.0,-9999,1,-9999,-9999,-9999,-9999,-9999,-9999
GHCND:USW00094846,CHICAGO OHARE INTERNATIONAL AIRPORT IL US,20150531,0.00,0.0,0.0,47,55,42,16.1,20,30,25.9,33.1,-9999,1,-9999,-9999,-9999,-9999,-9999,-9999
GHCND:USW00094846,CHICAGO OHARE INTERNATIONAL AIRPORT IL US,20150601,0.00,0.0,0.0,51,60,44,9.4,50,40,17.0,19.9,-9999,-9999,-9999,-9999,-9999,-9999,-9999,-9999
GHCND:USW00094846,CHICAGO OHARE INTERNATIONAL AIRPORT IL US,20150602,0.00,0.0,0.0,56,70,42,5.4,110,120,15.0,21.0,-9999,-9999,-9999,-9999,-9999,-9999,-9999,-9999
GHCND:USW00094846,CHICAGO OHARE INTERNATIONAL AIRPORT IL US,20150603,0.00,0.0,0.0,62,77,50,6.9,130,180,15.0,21.0,-9999,-9999,-9999,-9999,-9999,-9999,1,-9999
GHCND:USW00094846,CHICAGO OHARE INTERNATIONAL AIRPORT IL US,20150604,0.00,0.0,0.0,68,81,57,7.4,190,190,14.1,19.0,-9999,-9999,-9999,-9999,-9999,-9999,1,-9999
GHCND:USW00094846,CHICAGO OHARE INTERNATIONAL AIRPORT IL US,20150605,0.00,0.0,0.0,65,70,55,14.8,10,20,25.1,29.1,-9999,1,-9999,-9999,-9999,-9999,-9999,-9999
GHCND:USW00094846,CHICAGO OHARE INTERNATIONAL AIRPORT IL US,20150606,0.00,0.0,0.0,60,71,52,8.3,40,60,14.1,19.9,-9999,-9999,-9999,-9999,-9999,-9999,-9999,-9999
GHCND:USW00094846,CHICAGO OHARE INTERNATIONAL AIRPORT IL US,20150607,0.36,0.0,0.0,66,81,55,12.1,210,180,21.0,29.1,-9999,1,-9999,-9999,-9999,-9999,1,1
GHCND:USW00094846,CHICAGO OHARE INTERNATIONAL AIRPORT IL US,20150608,0.04,0.0,0.0,73,84,61,11.4,340,340,28.0,35.1,-9999,-9999,-9999,1,-9999,-9999,-9999,1
GHCND:USW00094846,CHICAGO OHARE INTERNATIONAL AIRPORT IL US,20150609,0.00,0.0,0.0,70,85,60,8.7,230,210,15.0,19.9,-9999,-9999,-9999,-9999,-9999,-9999,-9999,-9999
GHCND:USW00094846,CHICAGO OHARE INTERNATIONAL AIRPORT IL US,20150610,0.00,0.0,0.0,80,92,68,11.4,250,250,23.0,31.1,-9999,-9999,-9999,-9999,-9999,-9999,1,-9999
GHCND:USW00094846,CHICAGO OHARE INTERNATIONAL AIRPORT IL US,20150611,0.27,0.0,0.0,69,72,58,8.3,40,30,19.9,23.0,-9999,1,-9999,-9999,-9999,-9999,1,-9999
GHCND:USW00094846,CHICAGO OHARE INTERNATIONAL AIRPORT IL US,20150612,0.13,0.0,0.0,62,67,56,8.3,30,20,16.1,19.9,-9999,1,-9999,-9999,-9999,-9999,-9999,1
GHCND:USW00094846,CHICAGO OHARE INTERNATIONAL AIRPORT IL US,20150613,0.40,0.0,0.0,66,86,56,6.7,130,150,17.0,23.0,-9999,1,-9999,-9999,-9999,-9999,1,1
GHCND:USW00094846,CHICAGO OHARE INTERNATIONAL AIRPORT IL US,20150614,0.60,0.0,0.0,73,83,68,6.9,260,230,17.0,23.0,-9999,1,-9999,-9999,-9999,-9999,-9999,-9999
GHCND:USW00094846,CHICAGO OHARE INTERNATIONAL AIRPORT IL US,20150615,2.56,0.0,0.0,75,80,68,5.6,350,340,18.1,25.1,-9999,1,-9999,-9999,-9999,-9999,-9999,1
GHCND:USW00094846,CHICAGO OHARE INTERNATIONAL AIRPORT IL US,20150616,0.00,0.0,0.0,69,72,56,10.3,20,-9999,14.1,-9999,-9999,1,-9999,-9999,-9999,-9999,-9999,-9999
GHCND:USW00094846,CHICAGO OHARE INTERNATIONAL AIRPORT IL US,20150617,0.14,0.0,0.0,61,72,56,4.7,190,360,8.9,11.0,-9999,1,-9999,-9999,-9999,-9999,1,-9999
GHCND:USW00094846,CHICAGO OHARE INTERNATIONAL AIRPORT IL US,20150618,0.27,0.0,0.0,72,79,58,10.3,10,10,21.0,25.9,-9999,1,-9999,-9999,-9999,-9999,-9999,1
GHCND:USW00094846,CHICAGO OHARE INTERNATIONAL AIRPORT IL US,20150619,0.00,0.0,0.0,61,67,54,10.3,40,40,16.1,23.9,-9999,-9999,-9999,-9999,-9999,-9999,-9999,-9999
GHCND:USW00094846,CHICAGO OHARE INTERNATIONAL AIRPORT IL US,20150620,0.31,0.0,0.0,63,78,53,7.2,160,160,25.1,31.1,-9999,1,-9999,-9999,-9999,-9999,-9999,1
GHCND:USW00094846,CHICAGO OHARE INTERNATIONAL AIRPORT IL US,20150621,0.00,0.0,0.0,74,84,67,8.3,270,260,16.1,21.0,-9999,-9999,-9999,-9999,-9999,-9999,-9999,-9999
GHCND:USW00094846,CHICAGO OHARE INTERNATIONAL AIRPORT IL US,20150622,0.09,0.0,0.0,75,83,66,10.5,200,200,28.0,35.1,-9999,1,-9999,-9999,-9999,-9999,-9999,1
GHCND:USW00094846,CHICAGO OHARE INTERNATIONAL AIRPORT IL US,20150623,0.00,0.0,0.0,75,82,63,9.8,330,330,21.9,29.1,-9999,-9999,-9999,-9999,-9999,-9999,-9999,-9999
GHCND:USW00094846,CHICAGO OHARE INTERNATIONAL AIRPORT IL US,20150624,0.00,0.0,0.0,70,79,60,4.9,270,250,15.0,18.1,-9999,-9999,-9999,-9999,-9999,-9999,1,-9999
GHCND:USW00094846,CHICAGO OHARE INTERNATIONAL AIRPORT IL US,20150625,1.01,0.0,0.0,71,79,61,7.2,360,350,15.0,21.0,-9999,1,-9999,-9999,-9999,-9999,1,1
GHCND:USW00094846,CHICAGO OHARE INTERNATIONAL AIRPORT IL US,20150626,0.13,0.0,0.0,63,67,58,9.4,40,40,16.1,21.0,-9999,1,-9999,-9999,-9999,-9999,1,-9999
GHCND:USW00094846,CHICAGO OHARE INTERNATIONAL AIRPORT IL US,20150627,0.00,0.0,0.0,64,76,56,8.9,40,40,19.9,23.9,-9999,-9999,-9999,-9999,-9999,-9999,-9999,-9999
GHCND:USW00094846,CHICAGO OHARE INTERNATIONAL AIRPORT IL US,20150628,0.02,0.0,0.0,67,79,54,3.8,180,180,14.1,19.0,-9999,1,-9999,-9999,-9999,-9999,-9999,-9999
GHCND:USW00094846,CHICAGO OHARE INTERNATIONAL AIRPORT IL US,20150629,0.62,0.0,0.0,68,75,64,4.0,80,90,13.0,16.1,-9999,1,-9999,-9999,-9999,-9999,1,1
GHCND:USW00094846,CHICAGO OHARE INTERNATIONAL AIRPORT IL US,20150630,0.17,0.0,0.0,68,77,57,8.5,40,340,17.0,23.0,-9999,1,-9999,-9999,-9999,-9999,-9999,-9999
GHCND:USW00094846,CHICAGO OHARE INTERNATIONAL AIRPORT IL US,20150701,0.00,0.0,0.0,61,69,54,7.4,60,30,14.1,21.9,-9999,-9999,-9999,-9999,-9999,-9999,-9999,-9999
GHCND:USW00094846,CHICAGO OHARE INTERNATIONAL AIRPORT IL US,20150702,0.00,0.0,0.0,59,69,53,9.4,40,50,17.0,21.0,-9999,1,-9999,-9999,-9999,-9999,-9999,-9999
GHCND:USW00094846,CHICAGO OHARE INTERNATIONAL AIRPORT IL US,20150703,0.00,0.0,0.0,64,77,55,4.5,60,60,12.1,14.1,-9999,-9999,-9999,-9999,-9999,-9999,-9999,-9999
GHCND:USW00094846,CHICAGO OHARE INTERNATIONAL AIRPORT IL US,20150704,0.00,0.0,0.0,70,81,59,4.5,70,260,10.1,15.0,-9999,-9999,-9999,-9999,-9999,-9999,1,-9999
GHCND:USW00094846,CHICAGO OHARE INTERNATIONAL AIRPORT IL US,20150705,0.00,0.0,0.0,72,83,60,5.1,180,210,13.0,17.0,-9999,1,-9999,-9999,-9999,-9999,1,-9999
GHCND:USW00094846,CHICAGO OHARE INTERNATIONAL AIRPORT IL US,20150706,0.49,0.0,0.0,74,85,64,9.6,280,270,25.9,32.0,-9999,1,-9999,-9999,-9999,-9999,1,1
GHCND:USW00094846,CHICAGO OHARE INTERNATIONAL AIRPORT IL US,20150707,0.27,0.0,0.0,67,71,55,14.3,30,20,25.1,32.0,-9999,1,-9999,-9999,-9999,-9999,1,-9999
GHCND:USW00094846,CHICAGO OHARE INTERNATIONAL AIRPORT IL US,20150708,0.07,0.0,0.0,60,67,54,7.6,70,30,13.0,17.0,-9999,1,-9999,-9999,-9999,-9999,-9999,-9999
GHCND:USW00094846,CHICAGO OHARE INTERNATIONAL AIRPORT IL US,20150709,0.00,0.0,0.0,64,77,58,7.2,20,10,14.1,16.1,-9999,1,-9999,-9999,-9999,-9999,-9999,-9999
GHCND:USW00094846,CHICAGO OHARE INTERNATIONAL AIRPORT IL US,20150710,0.00,0.0,0.0,69,83,59,3.8,100,80,12.1,15.0,-9999,1,-9999,-9999,-9999,-9999,-9999,-9999
GHCND:USW00094846,CHICAGO OHARE INTERNATIONAL AIRPORT IL US,20150711,0.03,0.0,0.0,70,78,61,5.1,140,190,13.0,18.1,-9999,1,-9999,-9999,-9999,-9999,1,-9999
GHCND:USW00094846,CHICAGO OHARE INTERNATIONAL AIRPORT IL US,20150712,0.00,0.0,0.0,74,83,69,6.3,130,130,14.1,18.1,-9999,1,-9999,-9999,-9999,-9999,1,-9999
GHCND:USW00094846,CHICAGO OHARE INTERNATIONAL AIRPORT IL US,20150713,0.42,0.0,0.0,76,86,68,9.6,320,320,32.0,40.0,-9999,1,-9999,-9999,-9999,-9999,-9999,1
GHCND:USW00094846,CHICAGO OHARE INTERNATIONAL AIRPORT IL US,20150714,0.00,0.0,0.0,76,83,61,12.5,10,10,23.9,36.0,-9999,-9999,-9999,-9999,-9999,-9999,-9999,-9999
GHCND:USW00094846,CHICAGO OHARE INTERNATIONAL AIRPORT IL US,20150715,0.00,0.0,0.0,66,75,59,8.5,20,10,16.1,19.0,-9999,-9999,-9999,-9999,-9999,-9999,-9999,-9999
GHCND:USW00094846,CHICAGO OHARE INTERNATIONAL AIRPORT IL US,20150716,0.97,0.0,0.0,66,75,58,7.6,150,150,21.0,25.9,-9999,1,-9999,-9999,-9999,-9999,-9999,1
GHCND:USW00094846,CHICAGO OHARE INTERNATIONAL AIRPORT IL US,20150717,0.06,0.0,0.0,77,92,71,8.1,290,260,23.0,33.1,-9999,1,-9999,-9999,-9999,-9999,-9999,1
GHCND:USW00094846,CHICAGO OHARE INTERNATIONAL AIRPORT IL US,20150718,0.54,0.0,0.0,79,89,73,8.3,150,30,23.0,30.0,-9999,1,-9999,-9999,-9999,-9999,-9999,1
GHCND:USW00094846,CHICAGO OHARE INTERNATIONAL AIRPORT IL US,20150719,0.00,0.0,0.0,79,85,65,8.3,300,320,21.0,27.1,-9999,-9999,-9999,-9999,-9999,-9999,-9999,-9999
GHCND:USW00094846,CHICAGO OHARE INTERNATIONAL AIRPORT IL US,20150720,0.00,0.0,0.0,74,85,63,8.5,260,250,17.0,21.9,-9999,-9999,-9999,-9999,-9999,-9999,1,-9999
GHCND:USW00094846,CHICAGO OHARE INTERNATIONAL AIRPORT IL US,20150721,0.00,0.0,0.0,75,82,65,8.5,340,330,18.1,21.9,-9999,-9999,-9999,-9999,-9999,-9999,-9999,-9999
GHCND:USW00094846,CHICAGO OHARE INTERNATIONAL AIRPORT IL US,20150722,0.00,0.0,0.0,74,83,64,4.9,100,90,12.1,14.1,-9999,-9999,-9999,-9999,-9999,-9999,-9999,-9999
GHCND:USW00094846,CHICAGO OHARE INTERNATIONAL AIRPORT IL US,20150723,0.00,0.0,0.0,74,85,63,4.0,100,40,12.1,16.1,-9999,-9999,-9999,-9999,-9999,-9999,1,-9999
GHCND:USW00094846,CHICAGO OHARE INTERNATIONAL AIRPORT IL US,20150724,0.00,0.0,0.0,75,84,64,6.7,200,210,18.1,25.9,-9999,-9999,-9999,-9999,-9999,-9999,1,-9999
GHCND:USW00094846,CHICAGO OHARE INTERNATIONAL AIRPORT IL US,20150725,0.00,0.0,0.0,80,91,69,7.8,60,70,16.1,19.9,-9999,-9999,-9999,-9999,-9999,-9999,-9999,-9999
GHCND:USW00094846,CHICAGO OHARE INTERNATIONAL AIRPORT IL US,20150726,0.00,0.0,0.0,75,80,64,4.9,70,40,12.1,17.0,-9999,-9999,-9999,-9999,-9999,-9999,-9999,-9999
GHCND:USW00094846,CHICAGO OHARE INTERNATIONAL AIRPORT IL US,20150727,0.00,0.0,0.0,77,88,67,8.5,110,110,17.0,21.9,-9999,-9999,-9999,-9999,-9999,-9999,-9999,-9999
GHCND:USW00094846,CHICAGO OHARE INTERNATIONAL AIRPORT IL US,20150728,0.00,0.0,0.0,79,91,67,5.8,140,130,17.0,23.0,-9999,-9999,-9999,-9999,-9999,-9999,-9999,-9999
GHCND:USW00094846,CHICAGO OHARE INTERNATIONAL AIRPORT IL US,20150729,0.00,0.0,0.0,81,88,70,11.0,330,280,21.0,25.9,-9999,-9999,-9999,-9999,-9999,-9999,-9999,-9999
GHCND:USW00094846,CHICAGO OHARE INTERNATIONAL AIRPORT IL US,20150730,0.00,0.0,0.0,77,88,65,11.6,300,320,23.0,28.0,-9999,-9999,-9999,-9999,-9999,-9999,-9999,-9999
GHCND:USW00094846,CHICAGO OHARE INTERNATIONAL AIRPORT IL US,20150731,0.00,0.0,0.0,78,87,67,12.3,320,320,25.9,34.0,-9999,-9999,-9999,-9999,-9999,-9999,-9999,-9999
GHCND:USW00094846,CHICAGO OHARE INTERNATIONAL AIRPORT IL US,20150801,0.00,0.0,0.0,76,87,64,11.0,250,260,21.9,30.0,-9999,-9999,-9999,-9999,-9999,-9999,-9999,-9999
GHCND:USW00094846,CHICAGO OHARE INTERNATIONAL AIRPORT IL US,20150802,0.53,0.0,0.0,80,91,67,13.9,260,270,36.9,52.1,-9999,-9999,-9999,1,-9999,-9999,1,1
GHCND:USW00094846,CHICAGO OHARE INTERNATIONAL AIRPORT IL US,20150803,0.00,0.0,0.0,76,82,67,9.8,310,320,19.9,25.9,-9999,-9999,-9999,-9999,-9999,-9999,-9999,-9999
GHCND:USW00094846,CHICAGO OHARE INTERNATIONAL AIRPORT IL US,20150804,0.00,0.0,0.0,72,82,61,7.6,290,290,18.1,23.0,-9999,-9999,-9999,-9999,-9999,-9999,-9999,-9999
GHCND:USW00094846,CHICAGO OHARE INTERNATIONAL AIRPORT IL US,20150805,0.00,0.0,0.0,73,82,61,6.0,70,60,16.1,19.9,-9999,-9999,-9999,-9999,-9999,-9999,-9999,-9999
GHCND:USW00094846,CHICAGO OHARE INTERNATIONAL AIRPORT IL US,20150806,0.00,0.0,0.0,73,83,64,7.2,70,100,14.1,18.1,-9999,-9999,-9999,-9999,-9999,-9999,-9999,-9999
GHCND:USW00094846,CHICAGO OHARE INTERNATIONAL AIRPORT IL US,20150807,0.00,0.0,0.0,73,83,63,8.5,190,160,18.1,23.0,-9999,-9999,-9999,-9999,-9999,-9999,-9999,-9999
GHCND:USW00094846,CHICAGO OHARE INTERNATIONAL AIRPORT IL US,20150808,0.00,0.0,0.0,75,82,68,7.2,330,330,17.0,19.0,-9999,1,-9999,-9999,-9999,-9999,-9999,-9999
GHCND:USW00094846,CHICAGO OHARE INTERNATIONAL AIRPORT IL US,20150809,0.00,0.0,0.0,72,80,67,4.7,180,170,14.1,18.1,-9999,1,-9999,-9999,-9999,-9999,1,-9999
GHCND:USW00094846,CHICAGO OHARE INTERNATIONAL AIRPORT IL US,20150810,0.02,0.0,0.0,75,84,68,6.0,10,10,23.0,28.0,-9999,1,-9999,-9999,-9999,-9999,1,-9999
GHCND:USW00094846,CHICAGO OHARE INTERNATIONAL AIRPORT IL US,20150811,0.00,0.0,0.0,73,82,65,6.7,40,60,18.1,21.9,-9999,-9999,-9999,-9999,-9999,-9999,-9999,-9999
GHCND:USW00094846,CHICAGO OHARE INTERNATIONAL AIRPORT IL US,20150812,0.00,0.0,0.0,71,81,61,4.9,50,60,14.1,17.0,-9999,-9999,-9999,-9999,-9999,-9999,-9999,-9999
GHCND:USW00094846,CHICAGO OHARE INTERNATIONAL AIRPORT IL US,20150813,0.00,0.0,0.0,74,85,65,9.8,240,250,18.1,25.9,-9999,-9999,-9999,-9999,-9999,-9999,1,-9999
GHCND:USW00094846,CHICAGO OHARE INTERNATIONAL AIRPORT IL US,20150814,0.21,0.0,0.0,78,90,67,9.8,350,320,29.1,40.0,-9999,1,-9999,-9999,-9999,-9999,-9999,1
GHCND:USW00094846,CHICAGO OHARE INTERNATIONAL AIRPORT IL US,20150815,0.14,0.0,0.0,77,92,67,5.4,180,300,18.1,21.9,-9999,-9999,-9999,-9999,-9999,-9999,-9999,1
GHCND:USW00094846,CHICAGO OHARE INTERNATIONAL AIRPORT IL US,20150816,0.00,0.0,0.0,79,89,71,6.7,200,200,17.0,23.0,-9999,1,-9999,-9999,-9999,-9999,-9999,-9999
GHCND:USW00094846,CHICAGO OHARE INTERNATIONAL AIRPORT IL US,20150817,0.12,0.0,0.0,79,88,68,7.2,180,190,23.0,30.0,-9999,1,-9999,-9999,-9999,-9999,-9999,1
GHCND:USW00094846,CHICAGO OHARE INTERNATIONAL AIRPORT IL US,20150818,0.40,0.0,0.0,74,83,67,8.7,180,180,25.9,32.0,-9999,1,-9999,-9999,-9999,-9999,-9999,1
GHCND:USW00094846,CHICAGO OHARE INTERNATIONAL AIRPORT IL US,20150819,0.00,0.0,0.0,72,75,62,13.4,220,250,21.9,31.1,-9999,-9999,-9999,-9999,-9999,-9999,-9999,-9999
GHCND:USW00094846,CHICAGO OHARE INTERNATIONAL AIRPORT IL US,20150820,0.00,0.0,0.0,65,74,59,13.9,280,290,25.9,35.1,-9999,-9999,-9999,-9999,-9999,-9999,1,-9999
GHCND:USW00094846,CHICAGO OHARE INTERNATIONAL AIRPORT IL US,20150821,0.00,0.0,0.0,69,82,55,8.1,180,190,17.0,23.0,-9999,-9999,-9999,-9999,-9999,-9999,-9999,-9999
GHCND:USW00094846,CHICAGO OHARE INTERNATIONAL AIRPORT IL US,20150822,0.00,0.0,0.0,72,81,60,10.5,180,160,21.9,30.0,-9999,-9999,-9999,-9999,-9999,-9999,-9999,-9999
GHCND:USW00094846,CHICAGO OHARE INTERNATIONAL AIRPORT IL US,20150823,0.00,0.0,0.0,71,77,61,11.4,280,290,23.9,34.0,-9999,1,-9999,-9999,-9999,-9999,-9999,-9999
GHCND:USW00094846,CHICAGO OHARE INTERNATIONAL AIRPORT IL US,20150824,0.00,0.0,0.0,65,75,55,14.1,260,250,29.1,36.0,-9999,-9999,-9999,-9999,-9999,-9999,-9999,-9999
GHCND:USW00094846,CHICAGO OHARE INTERNATIONAL AIRPORT IL US,20150825,0.00,0.0,0.0,63,72,59,8.5,330,310,16.1,19.9,-9999,-9999,-9999,-9999,-9999,-9999,-9999,-9999
GHCND:USW00094846,CHICAGO OHARE INTERNATIONAL AIRPORT IL US,20150826,0.00,0.0,0.0,62,67,56,6.3,340,340,12.1,14.1,-9999,-9999,-9999,-9999,-9999,-9999,-9999,-9999
GHCND:USW00094846,CHICAGO OHARE INTERNATIONAL AIRPORT IL US,20150827,0.00,0.0,0.0,63,76,51,4.3,110,110,16.1,21.0,-9999,1,-9999,-9999,-9999,-9999,1,-9999
GHCND:USW00094846,CHICAGO OHARE INTERNATIONAL AIRPORT IL US,20150828,0.00,0.0,0.0,65,72,56,5.1,100,240,12.1,14.1,-9999,1,-9999,-9999,-9999,-9999,-9999,-9999
GHCND:USW00094846,CHICAGO OHARE INTERNATIONAL AIRPORT IL US,20150829,0.74,0.0,0.0,68,70,63,6.0,30,130,13.0,16.1,-9999,1,-9999,-9999,-9999,-9999,-9999,-9999
GHCND:USW00094846,CHICAGO OHARE INTERNATIONAL AIRPORT IL US,20150830,0.00,0.0,0.0,68,77,62,4.0,100,70,8.9,15.0,-9999,1,-9999,-9999,-9999,-9999,1,-9999
GHCND:USW00094846,CHICAGO OHARE INTERNATIONAL AIRPORT IL US,20150831,0.00,0.0,0.0,71,85,60,2.7,230,210,13.0,18.1,-9999,1,-9999,-9999,1,-9999,1,-9999
GHCND:USW00094846,CHICAGO OHARE INTERNATIONAL AIRPORT IL US,20150901,0.00,0.0,0.0,78,88,68,6.7,210,200,16.1,21.9,-9999,1,-9999,-9999,-9999,-9999,1,-9999
GHCND:USW00094846,CHICAGO OHARE INTERNATIONAL AIRPORT IL US,20150902,0.00,0.0,0.0,80,90,72,7.4,210,220,18.1,23.0,-9999,1,-9999,-9999,-9999,-9999,1,-9999
GHCND:USW00094846,CHICAGO OHARE INTERNATIONAL AIRPORT IL US,20150903,0.00,0.0,0.0,81,91,71,8.9,50,40,21.0,23.9,-9999,-9999,-9999,-9999,-9999,-9999,1,-9999
GHCND:USW00094846,CHICAGO OHARE INTERNATIONAL AIRPORT IL US,20150904,0.00,0.0,0.0,74,85,68,5.4,70,70,14.1,17.0,-9999,-9999,-9999,-9999,-9999,-9999,-9999,-9999
GHCND:USW00094846,CHICAGO OHARE INTERNATIONAL AIRPORT IL US,20150905,0.00,0.0,0.0,75,87,69,7.2,150,170,16.1,19.9,-9999,1,-9999,-9999,-9999,-9999,-9999,-9999
GHCND:USW00094846,CHICAGO OHARE INTERNATIONAL AIRPORT IL US,20150906,0.00,0.0,0.0,80,92,70,9.6,200,190,19.9,27.1,-9999,-9999,-9999,-9999,-9999,-9999,-9999,-9999
GHCND:USW00094846,CHICAGO OHARE INTERNATIONAL AIRPORT IL US,20150907,0.00,0.0,0.0,81,88,76,6.7,210,200,14.1,17.0,-9999,-9999,-9999,-9999,-9999,-9999,-9999,-9999
GHCND:USW00094846,CHICAGO OHARE INTERNATIONAL AIRPORT IL US,20150908,1.04,0.0,0.0,77,81,68,8.5,270,260,28.0,35.1,-9999,1,-9999,-9999,-9999,-9999,-9999,1
GHCND:USW00094846,CHICAGO OHARE INTERNATIONAL AIRPORT IL US,20150909,0.00,0.0,0.0,70,77,58,6.3,20,40,14.1,21.9,-9999,-9999,-9999,-9999,-9999,-9999,-9999,-9999
GHCND:USW00094846,CHICAGO OHARE INTERNATIONAL AIRPORT IL US,20150910,0.21,0.0,0.0,64,74,54,5.6,320,320,21.9,27.1,-9999,1,-9999,-9999,-9999,-9999,-9999,1
GHCND:USW00094846,CHICAGO OHARE INTERNATIONAL AIRPORT IL US,20150911,0.17,0.0,0.0,62,67,54,10.7,320,330,23.9,29.1,-9999,1,-9999,-9999,-9999,-9999,-9999,-9999
GHCND:USW00094846,CHICAGO OHARE INTERNATIONAL AIRPORT IL US,20150912,0.00,0.0,0.0,58,65,50,10.5,40,30,19.9,23.9,-9999,-9999,-9999,-9999,-9999,-9999,-9999,-9999
GHCND:USW00094846,CHICAGO OHARE INTERNATIONAL AIRPORT IL US,20150913,0.00,0.0,0.0,58,70,48,7.4,290,270,17.0,23.0,-9999,-9999,-9999,-9999,-9999,-9999,-9999,-9999
GHCND:USW00094846,CHICAGO OHARE INTERNATIONAL AIRPORT IL US,20150914,0.00,0.0,0.0,65,82,52,13.0,200,180,23.9,31.1,-9999,-9999,-9999,-9999,-9999,-9999,-9999,-9999
GHCND:USW00094846,CHICAGO OHARE INTERNATIONAL AIRPORT IL US,20150915,0.00,0.0,0.0,73,82,62,11.4,170,170,21.0,25.9,-9999,-9999,-9999,-9999,-9999,-9999,-9999,-9999
GHCND:USW00094846,CHICAGO OHARE INTERNATIONAL AIRPORT IL US,20150916,0.00,0.0,0.0,71,83,56,11.2,190,190,21.0,25.9,-9999,-9999,-9999,-9999,-9999,-9999,-9999,-9999
GHCND:USW00094846,CHICAGO OHARE INTERNATIONAL AIRPORT IL US,20150917,0.36,0.0,0.0,72,85,61,11.4,270,280,36.9,48.1,-9999,1,-9999,-9999,-9999,-9999,1,1
GHCND:USW00094846,CHICAGO OHARE INTERNATIONAL AIRPORT IL US,20150918,2.41,0.0,0.0,72,74,65,7.2,300,310,31.1,42.9,-9999,1,-9999,-9999,-9999,-9999,-9999,1
GHCND:USW00094846,CHICAGO OHARE INTERNATIONAL AIRPORT IL US,20150919,0.05,0.0,0.0,65,71,53,9.8,320,330,28.0,33.1,-9999,1,-9999,-9999,-9999,-9999,-9999,1
GHCND:USW00094846,CHICAGO OHARE INTERNATIONAL AIRPORT IL US,20150920,0.00,0.0,0.0,60,73,50,4.5,100,110,14.1,17.0,-9999,-9999,-9999,-9999,-9999,-9999,-9999,-9999
GHCND:USW00094846,CHICAGO OHARE INTERNATIONAL AIRPORT IL US,20150921,0.00,0.0,0.0,62,74,52,5.1,90,100,14.1,19.9,-9999,-9999,-9999,-9999,-9999,-9999,-9999,-9999
GHCND:USW00094846,CHICAGO OHARE INTERNATIONAL AIRPORT IL US,20150922,0.00,0.0,0.0,65,80,53,3.6,100,190,10.1,12.1,-9999,1,-9999,-9999,-9999,-9999,-9999,-9999
GHCND:USW00094846,CHICAGO OHARE INTERNATIONAL AIRPORT IL US,20150923,0.00,0.0,0.0,68,80,57,4.3,70,100,14.1,17.0,-9999,1,-9999,-9999,-9999,-9999,-9999,-9999
GHCND:USW00094846,CHICAGO OHARE INTERNATIONAL AIRPORT IL US,20150924,0.00,0.0,0.0,67,76,56,5.6,50,180,12.1,19.0,-9999,1,-9999,-9999,-9999,-9999,-9999,-9999
GHCND:USW00094846,CHICAGO OHARE INTERNATIONAL AIRPORT IL US,20150925,0.00,0.0,0.0,65,73,60,8.7,40,40,18.1,21.9,-9999,1,-9999,-9999,-9999,-9999,1,-9999
GHCND:USW00094846,CHICAGO OHARE INTERNATIONAL AIRPORT IL US,20150926,0.00,0.0,0.0,67,75,60,7.6,100,60,15.0,19.0,-9999,-9999,-9999,-9999,-9999,-9999,-9999,-9999
GHCND:USW00094846,CHICAGO OHARE INTERNATIONAL AIRPORT IL US,20150927,0.00,0.0,0.0,67,74,61,7.2,140,120,12.1,14.1,-9999,1,-9999,-9999,-9999,-9999,-9999,-9999
GHCND:USW00094846,CHICAGO OHARE INTERNATIONAL AIRPORT IL US,20150928,0.00,0.0,0.0,70,77,64,4.3,190,190,12.1,14.1,-9999,-9999,-9999,-9999,-9999,-9999,1,-9999
GHCND:USW00094846,CHICAGO OHARE INTERNATIONAL AIRPORT IL US,20150929,0.40,0.0,0.0,64,68,55,14.5,20,20,29.1,34.0,-9999,1,-9999,-9999,-9999,-9999,-9999,-9999
GHCND:USW00094846,CHICAGO OHARE INTERNATIONAL AIRPORT IL US,20150930,0.00,0.0,0.0,57,61,52,15.4,20,20,25.1,33.1,-9999,-9999,-9999,-9999,-9999,-9999,-9999,-9999
GHCND:USW00094846,CHICAGO OHARE INTERNATIONAL AIRPORT IL US,20151001,0.00,0.0,0.0,55,59,52,18.1,40,40,28.0,36.0,-9999,-9999,-9999,-9999,-9999,-9999,-9999,-9999
GHCND:USW00094846,CHICAGO OHARE INTERNATIONAL AIRPORT IL US,20151002,0.00,0.0,0.0,55,60,51,19.0,50,50,25.1,38.0,-9999,-9999,-9999,-9999,-9999,-9999,-9999,-9999
GHCND:USW00094846,CHICAGO OHARE INTERNATIONAL AIRPORT IL US,20151003,0.01,0.0,0.0,52,54,48,17.0,50,60,25.1,36.9,-9999,1,-9999,-9999,-9999,-9999,1,-9999
GHCND:USW00094846,CHICAGO OHARE INTERNATIONAL AIRPORT IL US,20151004,0.00,0.0,0.0,52,57,50,11.4,50,60,17.0,25.1,-9999,-9999,-9999,-9999,-9999,-9999,-9999,-9999
GHCND:USW00094846,CHICAGO OHARE INTERNATIONAL AIRPORT IL US,20151005,0.00,0.0,0.0,57,60,55,6.9,50,40,10.1,19.0,-9999,1,-9999,-9999,-9999,-9999,-9999,-9999
GHCND:USW00094846,CHICAGO OHARE INTERNATIONAL AIRPORT IL US,20151006,0.00,0.0,0.0,60,71,55,4.9,140,110,12.1,19.0,-9999,1,-9999,-9999,-9999,-9999,-9999,-9999
GHCND:USW00094846,CHICAGO OHARE INTERNATIONAL AIRPORT IL US,20151007,0.00,0.0,0.0,62,71,54,7.4,50,50,15.0,19.0,-9999,1,-9999,-9999,-9999,-9999,-9999,-9999
GHCND:USW00094846,CHICAGO OHARE INTERNATIONAL AIRPORT IL US,20151008,0.05,0.0,0.0,62,77,50,8.3,220,200,21.0,25.9,-9999,-9999,-9999,-9999,-9999,-9999,-9999,-9999
GHCND:USW00094846,CHICAGO OHARE INTERNATIONAL AIRPORT IL US,20151009,0.00,0.0,0.0,60,64,47,10.5,340,350,19.9,25.1,-9999,-9999,-9999,-9999,-9999,-9999,-9999,-9999
GHCND:USW00094846,CHICAGO OHARE INTERNATIONAL AIRPORT IL US,20151010,0.00,0.0,0.0,53,65,42,5.8,220,250,15.0,19.9,-9999,-9999,-9999,-9999,-9999,-9999,1,-9999
GHCND:USW00094846,CHICAGO OHARE INTERNATIONAL AIRPORT IL US,20151011,0.00,0.0,0.0,62,79,51,12.8,200,200,23.0,29.1,-9999,-9999,-9999,-9999,-9999,-9999,-9999,-9999
GHCND:USW00094846,CHICAGO OHARE INTERNATIONAL AIRPORT IL US,20151012,0.00,0.0,0.0,67,75,53,15.4,280,280,31.1,40.9,-9999,-9999,-9999,-9999,-9999,-9999,1,-9999
GHCND:USW00094846,CHICAGO OHARE INTERNATIONAL AIRPORT IL US,20151013,0.00,0.0,0.0,56,63,47,11.6,290,310,23.0,30.0,-9999,-9999,-9999,-9999,-9999,-9999,-9999,-9999
GHCND:USW00094846,CHICAGO OHARE INTERNATIONAL AIRPORT IL US,20151014,0.00,0.0,0.0,52,63,42,8.1,290,290,17.0,21.0,-9999,-9999,-9999,-9999,-9999,-9999,1,-9999
GHCND:USW00094846,CHICAGO OHARE INTERNATIONAL AIRPORT IL US,20151015,0.00,0.0,0.0,55,69,46,11.2,320,280,33.1,44.1,-9999,-9999,-9999,-9999,-9999,-9999,1,-9999
GHCND:USW00094846,CHICAGO OHARE INTERNATIONAL AIRPORT IL US,20151016,0.00,0.0,0.0,49,55,37,11.2,320,280,21.0,25.9,-9999,-9999,-9999,-9999,-9999,-9999,-9999,-9999
GHCND:USW00094846,CHICAGO OHARE INTERNATIONAL AIRPORT IL US,20151017,0.00,0.0,0.0,42,53,33,9.2,310,310,21.0,25.1,-9999,-9999,-9999,-9999,-9999,-9999,-9999,-9999
GHCND:USW00094846,CHICAGO OHARE INTERNATIONAL AIRPORT IL US,20151018,0.00,0.0,0.0,45,60,33,5.8,310,310,12.1,14.1,-9999,-9999,-9999,-9999,-9999,-9999,-9999,-9999
GHCND:USW00094846,CHICAGO OHARE INTERNATIONAL AIRPORT IL US,20151019,0.00,0.0,0.0,55,73,47,18.8,210,210,28.0,38.0,-9999,-9999,-9999,-9999,-9999,-9999,1,-9999
GHCND:USW00094846,CHICAGO OHARE INTERNATIONAL AIRPORT IL US,20151020,0.11,0.0,0.0,64,74,57,10.1,210,230,19.9,27.1,-9999,-9999,-9999,-9999,-9999,-9999,1,-9999
GHCND:USW00094846,CHICAGO OHARE INTERNATIONAL AIRPORT IL US,20151021,0.01,0.0,0.0,63,75,52,10.7,230,210,21.9,28.0,-9999,-9999,-9999,-9999,-9999,-9999,-9999,-9999
GHCND:USW00094846,CHICAGO OHARE INTERNATIONAL AIRPORT IL US,20151022,0.00,0.0,0.0,60,62,51,7.2,30,60,13.0,19.0,-9999,-9999,-9999,-9999,-9999,-9999,-9999,-9999
GHCND:USW00094846,CHICAGO OHARE INTERNATIONAL AIRPORT IL US,20151023,0.16,0.0,0.0,55,64,52,11.6,130,120,18.1,23.0,-9999,1,-9999,-9999,-9999,-9999,-9999,-9999
GHCND:USW00094846,CHICAGO OHARE INTERNATIONAL AIRPORT IL US,20151024,0.30,0.0,0.0,62,66,46,14.3,270,270,25.9,36.9,-9999,1,-9999,-9999,-9999,-9999,-9999,-9999
GHCND:USW00094846,CHICAGO OHARE INTERNATIONAL AIRPORT IL US,20151025,0.00,0.0,0.0,51,62,41,4.0,330,330,13.0,17.0,-9999,-9999,-9999,-9999,-9999,-9999,-9999,-9999
GHCND:USW00094846,CHICAGO OHARE INTERNATIONAL AIRPORT IL US,20151026,0.00,0.0,0.0,49,61,37,5.8,110,70,14.1,18.1,-9999,1,-9999,-9999,-9999,-9999,-9999,-9999
GHCND:USW00094846,CHICAGO OHARE INTERNATIONAL AIRPORT IL US,20151027,0.49,0.0,0.0,53,56,50,13.4,110,110,25.9,32.0,-9999,1,-9999,-9999,-9999,-9999,-9999,-9999
GHCND:USW00094846,CHICAGO OHARE INTERNATIONAL AIRPORT IL US,20151028,0.33,0.0,0.0,53,56,37,15.0,280,270,31.1,42.1,-9999,1,-9999,-9999,-9999,-9999,-9999,-9999
GHCND:USW00094846,CHICAGO OHARE INTERNATIONAL AIRPORT IL US,20151029,0.00,0.0,0.0,41,47,36,15.4,270,250,28.0,36.9,-9999,-9999,-9999,-9999,-9999,-9999,-9999,-9999
GHCND:USW00094846,CHICAGO OHARE INTERNATIONAL AIRPORT IL US,20151030,0.00,0.0,0.0,45,56,36,6.7,180,180,15.0,18.1,-9999,-9999,-9999,-9999,-9999,-9999,-9999,-9999
GHCND:USW00094846,CHICAGO OHARE INTERNATIONAL AIRPORT IL US,20151031,0.77,0.0,0.0,47,52,45,11.4,270,270,21.9,28.0,-9999,1,-9999,-9999,-9999,-9999,-9999,-9999
GHCND:USW00094846,CHICAGO OHARE INTERNATIONAL AIRPORT IL US,20151101,0.00,0.0,0.0,53,63,44,10.3,250,250,19.9,23.0,-9999,-9999,-9999,-9999,-9999,-9999,-9999,-9999
GHCND:USW00094846,CHICAGO OHARE INTERNATIONAL AIRPORT IL US,20151102,0.00,0.0,0.0,58,72,47,10.5,210,220,21.9,29.1,-9999,-9999,-9999,-9999,-9999,-9999,-9999,-9999
GHCND:USW00094846,CHICAGO OHARE INTERNATIONAL AIRPORT IL US,20151103,0.00,0.0,0.0,58,70,44,6.3,180,170,17.0,21.9,-9999,1,-9999,-9999,-9999,-9999,-9999,-9999
GHCND:USW00094846,CHICAGO OHARE INTERNATIONAL AIRPORT IL US,20151104,0.00,0.0,0.0,58,71,48,8.3,200,200,18.1,23.0,-9999,1,-9999,-9999,1,-9999,-9999,-9999
GHCND:USW00094846,CHICAGO OHARE INTERNATIONAL AIRPORT IL US,20151105,0.00,0.0,0.0,64,70,59,16.1,200,190,31.1,40.9,-9999,1,-9999,-9999,-9999,-9999,-9999,-9999
GHCND:USW00094846,CHICAGO OHARE INTERNATIONAL AIRPORT IL US,20151106,0.16,0.0,0.0,56,65,41,14.8,270,260,30.0,38.9,-9999,1,-9999,-9999,-9999,-9999,-9999,-9999
GHCND:USW00094846,CHICAGO OHARE INTERNATIONAL AIRPORT IL US,20151107,0.00,0.0,0.0,44,53,35,9.6,290,270,21.9,28.0,-9999,-9999,-9999,-9999,-9999,-9999,-9999,-9999
GHCND:USW00094846,CHICAGO OHARE INTERNATIONAL AIRPORT IL US,20151108,0.00,0.0,0.0,41,52,28,4.3,210,210,13.0,16.1,-9999,-9999,-9999,-9999,-9999,-9999,-9999,-9999
GHCND:USW00094846,CHICAGO OHARE INTERNATIONAL AIRPORT IL US,20151109,0.00,0.0,0.0,42,56,29,2.2,90,50,10.1,13.0,-9999,1,-9999,-9999,-9999,-9999,1,-9999
GHCND:USW00094846,CHICAGO OHARE INTERNATIONAL AIRPORT IL US,20151110,0.00,0.0,0.0,45,56,32,3.8,230,240,10.1,12.1,-9999,1,-9999,-9999,-9999,-9999,-9999,-9999
GHCND:USW00094846,CHICAGO OHARE INTERNATIONAL AIRPORT IL US,20151111,0.42,0.0,0.0,48,63,36,14.3,170,150,36.0,46.1,-9999,1,-9999,-9999,-9999,-9999,-9999,1
GHCND:USW00094846,CHICAGO OHARE INTERNATIONAL AIRPORT IL US,20151112,0.00,0.0,0.0,48,56,42,23.5,250,240,36.0,50.1,-9999,1,-9999,-9999,-9999,-9999,-9999,-9999
GHCND:USW00094846,CHICAGO OHARE INTERNATIONAL AIRPORT IL US,20151113,0.00,0.0,0.0,42,47,32,15.2,290,280,31.1,42.9,-9999,-9999,-9999,-9999,-9999,-9999,-9999,-9999
GHCND:USW00094846,CHICAGO OHARE INTERNATIONAL AIRPORT IL US,20151114,0.00,0.0,0.0,39,57,25,8.5,200,210,21.0,25.9,-9999,-9999,-9999,-9999,-9999,-9999,-9999,-9999
GHCND:USW00094846,CHICAGO OHARE INTERNATIONAL AIRPORT IL US,20151115,0.00,0.0,0.0,53,64,44,10.3,220,230,19.9,25.1,-9999,-9999,-9999,-9999,-9999,-9999,-9999,-9999
GHCND:USW00094846,CHICAGO OHARE INTERNATIONAL AIRPORT IL US,20151116,0.12,0.0,0.0,52,57,43,12.1,180,180,23.9,29.1,-9999,1,-9999,-9999,-9999,-9999,-9999,-9999
GHCND:USW00094846,CHICAGO OHARE INTERNATIONAL AIRPORT IL US,20151117,0.63,0.0,0.0,51,61,47,17.7,170,170,28.0,35.1,-9999,1,-9999,-9999,-9999,-9999,-9999,-9999
GHCND:USW00094846,CHICAGO OHARE INTERNATIONAL AIRPORT IL US,20151118,0.20,0.0,0.0,58,62,47,20.8,190,200,38.0,49.0,-9999,1,-9999,-9999,-9999,-9999,-9999,-9999
GHCND:USW00094846,CHICAGO OHARE INTERNATIONAL AIRPORT IL US,20151119,0.00,0.0,0.0,45,47,35,18.8,250,240,33.1,46.1,-9999,-9999,-9999,-9999,-9999,-9999,-9999,-9999
GHCND:USW00094846,CHICAGO OHARE INTERNATIONAL AIRPORT IL US,20151120,0.28,0.0,4.2,36,40,31,8.5,280,60,17.0,23.0,-9999,1,-9999,-9999,-9999,-9999,-9999,-9999
GHCND:USW00094846,CHICAGO OHARE INTERNATIONAL AIRPORT IL US,20151121,1.16,5.1,7.0,32,33,18,12.1,340,330,29.1,36.0,1,1,-9999,-9999,1,-9999,-9999,-9999
GHCND:USW00094846,CHICAGO OHARE INTERNATIONAL AIRPORT IL US,20151122,0.00,7.1,0.0,19,27,7,8.9,180,180,18.1,21.9,-9999,-9999,-9999,-9999,-9999,-9999,-9999,-9999
GHCND:USW00094846,CHICAGO OHARE INTERNATIONAL AIRPORT IL US,20151123,0.00,7.1,0.0,28,37,25,9.2,250,240,14.1,17.0,-9999,-9999,-9999,-9999,-9999,-9999,-9999,-9999
GHCND:USW00094846,CHICAGO OHARE INTERNATIONAL AIRPORT IL US,20151124,0.00,5.1,0.0,32,41,21,6.7,140,140,14.1,16.1,-9999,1,-9999,-9999,-9999,-9999,-9999,-9999
GHCND:USW00094846,CHICAGO OHARE INTERNATIONAL AIRPORT IL US,20151125,0.00,3.9,0.0,38,52,29,15.0,190,190,25.9,35.1,-9999,1,-9999,-9999,-9999,-9999,-9999,-9999
GHCND:USW00094846,CHICAGO OHARE INTERNATIONAL AIRPORT IL US,20151126,0.42,0.0,0.0,52,60,48,15.7,210,210,23.9,33.1,-9999,1,-9999,-9999,-9999,-9999,-9999,-9999
GHCND:USW00094846,CHICAGO OHARE INTERNATIONAL AIRPORT IL US,20151127,0.84,0.0,0.0,45,56,34,15.7,20,30,25.1,31.1,-9999,1,-9999,-9999,-9999,-9999,-9999,-9999
GHCND:USW00094846,CHICAGO OHARE INTERNATIONAL AIRPORT IL US,20151128,0.00,0.0,0.0,35,38,30,10.1,20,40,17.0,21.9,-9999,-9999,-9999,-9999,-9999,-9999,-9999,-9999
GHCND:USW00094846,CHICAGO OHARE INTERNATIONAL AIRPORT IL US,20151129,0.00,0.0,0.0,33,41,25,7.6,50,70,14.1,19.9,-9999,-9999,-9999,-9999,-9999,-9999,-9999,-9999
GHCND:USW00094846,CHICAGO OHARE INTERNATIONAL AIRPORT IL US,20151130,0.26,0.0,0.0,40,44,38,10.7,120,120,23.0,28.0,-9999,1,-9999,-9999,-9999,-9999,-9999,-9999
GHCND:USW00094846,CHICAGO OHARE INTERNATIONAL AIRPORT IL US,20151201,0.18,0.0,0.0,42,43,37,10.5,240,230,21.0,29.1,-9999,1,-9999,-9999,-9999,-9999,-9999,1
GHCND:USW00094846,CHICAGO OHARE INTERNATIONAL AIRPORT IL US,20151202,0.21,0.0,1.3,35,38,31,8.5,310,310,17.0,21.9,-9999,1,-9999,-9999,-9999,-9999,-9999,-9999
GHCND:USW00094846,CHICAGO OHARE INTERNATIONAL AIRPORT IL US,20151203,0.00,0.0,0.0,33,35,30,10.7,260,240,17.0,21.9,-9999,1,-9999,-9999,-9999,-9999,-9999,-9999
GHCND:USW00094846,CHICAGO OHARE INTERNATIONAL AIRPORT IL US,20151204,0.00,0.0,0.0,37,47,32,8.5,230,230,17.0,21.0,-9999,1,-9999,-9999,-9999,-9999,1,-9999
GHCND:USW00094846,CHICAGO OHARE INTERNATIONAL AIRPORT IL US,20151205,0.00,0.0,0.0,36,46,29,7.8,170,200,13.0,18.1,-9999,1,-9999,-9999,-9999,-9999,-9999,-9999
GHCND:USW00094846,CHICAGO OHARE INTERNATIONAL AIRPORT IL US,20151206,0.00,0.0,0.0,36,47,27,5.1,140,140,12.1,14.1,-9999,1,-9999,-9999,-9999,-9999,1,-9999
GHCND:USW00094846,CHICAGO OHARE INTERNATIONAL AIRPORT IL US,20151207,0.00,0.0,0.0,34,39,27,6.9,180,180,18.1,23.0,-9999,1,-9999,-9999,1,-9999,-9999,-9999
GHCND:USW00094846,CHICAGO OHARE INTERNATIONAL AIRPORT IL US,20151208,0.00,0.0,0.0,40,47,38,11.0,190,200,18.1,21.9,-9999,1,-9999,-9999,-9999,-9999,1,-9999
GHCND:USW00094846,CHICAGO OHARE INTERNATIONAL AIRPORT IL US,20151209,0.00,0.0,0.0,46,52,40,8.3,250,240,16.1,19.0,-9999,1,-9999,-9999,-9999,-9999,1,-9999
GHCND:USW00094846,CHICAGO OHARE INTERNATIONAL AIRPORT IL US,20151210,0.00,0.0,0.0,48,57,41,17.0,250,250,35.1,44.1,-9999,-9999,-9999,-9999,-9999,-9999,-9999,-9999
GHCND:USW00094846,CHICAGO OHARE INTERNATIONAL AIRPORT IL US,20151211,0.00,0.0,0.0,46,51,41,7.6,250,250,17.0,23.0,-9999,-9999,-9999,-9999,-9999,-9999,-9999,-9999
GHCND:USW00094846,CHICAGO OHARE INTERNATIONAL AIRPORT IL US,20151212,0.00,0.0,0.0,50,57,47,3.4,70,60,10.1,17.0,-9999,1,-9999,-9999,1,-9999,1,-9999
GHCND:USW00094846,CHICAGO OHARE INTERNATIONAL AIRPORT IL US,20151213,0.85,0.0,0.0,55,61,48,13.6,190,160,28.0,35.1,-9999,1,-9999,-9999,-9999,-9999,-9999,-9999
GHCND:USW00094846,CHICAGO OHARE INTERNATIONAL AIRPORT IL US,20151214,0.39,0.0,0.0,55,61,42,15.9,220,210,35.1,48.1,-9999,1,-9999,-9999,-9999,-9999,-9999,-9999
GHCND:USW00094846,CHICAGO OHARE INTERNATIONAL AIRPORT IL US,20151215,0.00,0.0,0.0,41,43,39,9.8,150,150,18.1,23.0,-9999,-9999,-9999,-9999,-9999,-9999,-9999,-9999
GHCND:USW00094846,CHICAGO OHARE INTERNATIONAL AIRPORT IL US,20151216,0.12,0.0,0.0,43,53,35,16.3,260,250,25.9,36.9,-9999,1,-9999,-9999,-9999,-9999,-9999,-9999
GHCND:USW00094846,CHICAGO OHARE INTERNATIONAL AIRPORT IL US,20151217,0.00,0.0,0.0,33,35,28,14.3,260,280,23.9,33.1,-9999,-9999,-9999,-9999,-9999,-9999,-9999,-9999
GHCND:USW00094846,CHICAGO OHARE INTERNATIONAL AIRPORT IL US,20151218,0.00,0.0,0.2,28,32,24,13.2,290,290,29.1,36.0,-9999,-9999,-9999,-9999,-9999,-9999,1,-9999
GHCND:USW00094846,CHICAGO OHARE INTERNATIONAL AIRPORT IL US,20151219,0.00,0.0,0.0,23,30,15,11.4,280,280,21.0,25.9,-9999,-9999,-9999,-9999,-9999,-9999,-9999,-9999
GHCND:USW00094846,CHICAGO OHARE INTERNATIONAL AIRPORT IL US,20151220,0.03,0.0,0.0,34,50,23,16.3,200,200,28.0,36.9,-9999,-9999,-9999,-9999,-9999,-9999,-9999,-9999
GHCND:USW00094846,CHICAGO OHARE INTERNATIONAL AIRPORT IL US,20151221,0.67,0.0,0.0,46,52,41,11.6,210,190,23.0,30.0,-9999,1,-9999,-9999,-9999,-9999,-9999,-9999
GHCND:USW00094846,CHICAGO OHARE INTERNATIONAL AIRPORT IL US,20151222,0.02,0.0,0.0,39,41,35,8.9,150,150,21.0,23.9,-9999,1,-9999,-9999,-9999,-9999,-9999,-9999
GHCND:USW00094846,CHICAGO OHARE INTERNATIONAL AIRPORT IL US,20151223,0.49,0.0,0.0,47,59,40,17.2,250,250,38.9,53.0,-9999,1,-9999,-9999,1,-9999,-9999,1
GHCND:USW00094846,CHICAGO OHARE INTERNATIONAL AIRPORT IL US,20151224,0.00,0.0,0.0,42,42,34,11.6,260,260,31.1,40.9,-9999,-9999,-9999,-9999,-9999,-9999,-9999,-9999
GHCND:USW00094846,CHICAGO OHARE INTERNATIONAL AIRPORT IL US,20151225,0.00,0.0,0.0,38,44,32,8.1,50,40,17.0,23.0,-9999,-9999,-9999,-9999,-9999,-9999,-9999,-9999
GHCND:USW00094846,CHICAGO OHARE INTERNATIONAL AIRPORT IL US,20151226,0.21,0.0,0.0,39,42,37,10.1,100,30,23.0,27.1,-9999,1,-9999,-9999,1,-9999,-9999,-9999
GHCND:USW00094846,CHICAGO OHARE INTERNATIONAL AIRPORT IL US,20151227,0.14,0.0,0.0,38,40,35,17.2,20,20,25.1,35.1,-9999,1,-9999,-9999,-9999,-9999,-9999,-9999
GHCND:USW00094846,CHICAGO OHARE INTERNATIONAL AIRPORT IL US,20151228,1.47,0.0,1.9,33,39,31,19.0,60,70,31.1,42.1,-9999,1,1,-9999,-9999,1,-9999,-9999
GHCND:USW00094846,CHICAGO OHARE INTERNATIONAL AIRPORT IL US,20151229,0.00,1.2,0.0,33,39,29,11.4,230,240,21.0,27.1,-9999,1,-9999,-9999,-9999,-9999,-9999,-9999
GHCND:USW00094846,CHICAGO OHARE INTERNATIONAL AIRPORT IL US,20151230,0.09,1.2,1.1,29,29,27,8.7,260,270,15.0,18.1,-9999,1,-9999,-9999,-9999,-9999,1,-9999
GHCND:USW00094846,CHICAGO OHARE INTERNATIONAL AIRPORT IL US,20151231,0.00,1.0,0.0,26,28,22,13.4,260,290,19.9,25.9,-9999,-9999,-9999,-9999,-9999,-9999,-9999,-9999
